Handle,Title,Body (HTML),Vendor,Type,Tags,Published,Option1 Name,Option1 Value,Variant SKU,Variant Inventory Tracker,Variant Inventory Qty,Variant Inventory Policy,Variant Fulfillment Service,Variant Price,Variant Compare At Price,Variant Requires Shipping,Variant Taxable,Image Src,Image Position,Image Alt Text,SEO Title,SEO Description,Status
hero-mask-remote-ring,Light-Up Hero Mask with Remote Ring,"<p>Moulded plastic mask with lenses that blink and glow on command. The ring on your finger does it, so nobody sees you trigger it.</p><ul><li>Lenses light up red and blue, and blink on command</li><li>Controlled by a ring on your finger, not a switch on the mask</li><li>Skin-friendly moulded plastic, 26 x 19 x 11cm</li></ul>",,LED Masks,LED Masks,TRUE,Title,Default Title,HERO-MASK-REMOTE-RING,shopify,25,deny,manual,45.99,,TRUE,TRUE,https://anirudhatalmale6-alt.github.io/halloween-store-demo/assets/products/hero-mask-remote-ring.jpg,1,Light-Up Hero Mask with Remote Ring,Light-Up Hero Mask with Remote Ring | Free US Shipping Before Hallowee,"Moulded plastic mask with lenses that blink and glow on command. The ring on your finger does it, so nobody sees you trigger it.",active
hero-helmet-11-scale,1:1 Scale Spider Hero Helmet,"<p>Full-size wearable helmet with motorised expressive lenses and a rechargeable wireless control ring. The one people film.</p><ul><li>1:1 scale - a full-size wearable helmet, not a face mask</li><li>Motorised lenses with dynamic eyeball and shutter control</li><li>USB-C rechargeable, with a one-touch wireless control ring</li></ul>",,LED Masks,LED Masks,TRUE,Title,Default Title,HERO-HELMET-11-SCALE,shopify,25,deny,manual,,,TRUE,TRUE,https://anirudhatalmale6-alt.github.io/halloween-store-demo/assets/products/hero-helmet-11-scale.jpg,1,1:1 Scale Spider Hero Helmet,1:1 Scale Spider Hero Helmet | Free US Shipping Before Halloween,Full-size wearable helmet with motorised expressive lenses and a rechargeable wireless control ring. The one people film.,active
led-purge-mask-glow,LED Skeleton Purge Mask,<p>Glow-wire skeleton face that lights up the whole mask in the dark. The single most photographed thing at any Halloween party.</p><ul><li>Glow wire outlines the whole skeleton face in the dark</li><li>Lightweight with an adjustable strap - fits over a hood</li><li>The single most filmed thing at any Halloween party</li></ul>,,LED Masks,LED Masks,TRUE,Title,Default Title,LED-PURGE-MASK-GLOW,shopify,25,deny,manual,,,TRUE,TRUE,https://anirudhatalmale6-alt.github.io/halloween-store-demo/assets/products/led-purge-mask-glow.jpg,1,LED Skeleton Purge Mask,LED Skeleton Purge Mask | Free US Shipping Before Halloween,Glow-wire skeleton face that lights up the whole mask in the dark. The single most photographed thing at any Halloween party.,active
white-hero-mask-remote,White Spider Hero Mask with Remote Ring,"<p>The white and pink version, with the same remote-controlled moving lenses. Comes boxed, which makes it an easy gift.</p><ul><li>The white and pink colourway, with the same moving lenses</li><li>Wireless ring control, several lighting modes</li><li>Arrives boxed, which makes it an easy gift</li></ul>",,LED Masks,LED Masks,TRUE,Title,Default Title,WHITE-HERO-MASK-REMOTE,shopify,25,deny,manual,49.00,,TRUE,TRUE,https://anirudhatalmale6-alt.github.io/halloween-store-demo/assets/products/white-hero-mask-remote.jpg,1,White Spider Hero Mask with Remote Ring,White Spider Hero Mask with Remote Ring | Free US Shipping Before Hall,"The white and pink version, with the same remote-controlled moving lenses. Comes boxed, which makes it an easy gift.",active
led-mask-gloves-set,LED Mask & Gloves Set,"<p>Mask plus light-up gloves in one box, three glow modes. The gloves are what turn a costume into a video.</p><ul><li>Mask and light-up gloves together in one box</li><li>Three glow modes, and the gloves are what make it read on video</li><li>Sized for boys, girls and adults</li></ul>",,LED Masks,"LED Masks, unavailable-at-supplier",FALSE,Title,Default Title,LED-MASK-GLOVES-SET,shopify,25,deny,manual,,,TRUE,TRUE,https://anirudhatalmale6-alt.github.io/halloween-store-demo/assets/products/led-mask-gloves-set.jpg,1,LED Mask & Gloves Set,LED Mask & Gloves Set | Free US Shipping Before Halloween,"Mask plus light-up gloves in one box, three glow modes. The gloves are what turn a costume into a video.",draft
led-mask-4-modes,"LED Halloween Mask, 4 Lighting Modes","<p>Steady, slow flash, fast flash and sound-reactive, in a run of colours. Battery powered, adjustable strap, fits adults and teens.</p><ul><li>Four modes: steady, slow flash, fast flash and sound-reactive</li><li>Battery powered, so there is no cable to hide</li><li>Adjustable strap, fits adults and teens</li></ul>",,LED Masks,"LED Masks, unavailable-at-supplier",FALSE,Title,Default Title,LED-MASK-4-MODES,shopify,25,deny,manual,,,TRUE,TRUE,https://anirudhatalmale6-alt.github.io/halloween-store-demo/assets/products/led-mask-4-modes.jpg,1,"LED Halloween Mask, 4 Lighting Modes","LED Halloween Mask, 4 Lighting Modes | Free US Shipping Before Hallowe","Steady, slow flash, fast flash and sound-reactive, in a run of colours. Battery powered, adjustable strap, fits adults and teens.",draft
floating-candles-20pc,20-Piece Floating Candles with Magic Wand Remote,"<p>Twenty candles that hang in mid-air and light up when you wave the wand. Flickering warm light, two modes and a timer.</p><ul><li>20 candles that hang in mid-air on clear line</li><li>Wave the wand and they light - no reaching, no switches</li><li>Flickering warm light, two modes and a built-in timer</li></ul>",,Lights & Candles,Lights & Candles,TRUE,Title,Default Title,FLOATING-CANDLES-20PC,shopify,25,deny,manual,,,TRUE,TRUE,https://anirudhatalmale6-alt.github.io/halloween-store-demo/assets/products/floating-candles-20pc.jpg,1,20-Piece Floating Candles with Magic Wand Remote,20-Piece Floating Candles with Magic Wand Remote | Free US Shipping Be,"Twenty candles that hang in mid-air and light up when you wave the wand. Flickering warm light, two modes and a timer.",active
floating-candles-12pc,"12-Pack Floating Candles, Enchanted Set","<p>The smaller set for a hallway or a single room, same wand remote. Boxed as a gift set.</p><ul><li>12 candles - the right size for a hallway or a single room</li><li>Same magic wand remote as the larger set</li><li>Boxed as a gift set</li></ul>",,Lights & Candles,"Lights & Candles, unavailable-at-supplier",FALSE,Title,Default Title,FLOATING-CANDLES-12PC,shopify,25,deny,manual,,,TRUE,TRUE,https://anirudhatalmale6-alt.github.io/halloween-store-demo/assets/products/floating-candles-12pc.jpg,1,"12-Pack Floating Candles, Enchanted Set","12-Pack Floating Candles, Enchanted Set | Free US Shipping Before Hall","The smaller set for a hallway or a single room, same wand remote. Boxed as a gift set.",draft
floating-candles-kidsafe,Kid-Safe Floating LED Candles with Wand,"<p>No flame, no wax, no heat - safe to hang in a child's room. Wand remote and battery operated, so they work anywhere.</p><ul><li>No flame, no wax and no heat - safe in a child's room</li><li>Wand remote controlled, battery operated</li><li>Works for Christmas as well, so it is not a one-month buy</li></ul>",,Lights & Candles,"Lights & Candles, unavailable-at-supplier",FALSE,Title,Default Title,FLOATING-CANDLES-KIDSAFE,shopify,25,deny,manual,,,TRUE,TRUE,https://anirudhatalmale6-alt.github.io/halloween-store-demo/assets/products/floating-candles-kidsafe.jpg,1,Kid-Safe Floating LED Candles with Wand,Kid-Safe Floating LED Candles with Wand | Free US Shipping Before Hall,"No flame, no wax, no heat - safe to hang in a child's room. Wand remote and battery operated, so they work anywhere.",draft
pillar-candles-remote-3,"Flameless LED Pillar Candles, Set of 3","<p>Orange pillars with witch and haunted-house cut-outs that throw a silhouette on the wall. Remote, timers, and waterproof for the porch.</p><ul><li>Set of three orange pillars with cut-out silhouettes</li><li>Throws witch and haunted-house shapes onto the wall behind</li><li>Remote, timer and waterproof, so they can go outside</li></ul>",,Lights & Candles,Lights & Candles,TRUE,Title,Default Title,PILLAR-CANDLES-REMOTE-3,shopify,25,deny,manual,23.14,,TRUE,TRUE,https://anirudhatalmale6-alt.github.io/halloween-store-demo/assets/products/pillar-candles-remote-3.jpg,1,"Flameless LED Pillar Candles, Set of 3","Flameless LED Pillar Candles, Set of 3 | Free US Shipping Before Hallo","Orange pillars with witch and haunted-house cut-outs that throw a silhouette on the wall. Remote, timers, and waterproof for the porch.",active
pumpkin-candle-holders-2,Pumpkin Candle Holder Set with Remote,"<p>Two amber jack-o'-lanterns on black metal stands with flameless candles inside. A centrepiece that works on a mantel or a dinner table.</p><ul><li>Two amber jack-o'-lanterns on black metal stands</li><li>Flameless candles inside, on a remote</li><li>Made as a centrepiece - mantel, table or entryway</li></ul>",,Lights & Candles,Lights & Candles,TRUE,Title,Default Title,PUMPKIN-CANDLE-HOLDERS-2,shopify,25,deny,manual,,,TRUE,TRUE,https://anirudhatalmale6-alt.github.io/halloween-store-demo/assets/products/pumpkin-candle-holders-2.jpg,1,Pumpkin Candle Holder Set with Remote,Pumpkin Candle Holder Set with Remote | Free US Shipping Before Hallow,Two amber jack-o'-lanterns on black metal stands with flameless candles inside. A centrepiece that works on a mantel or a dinner table.,active
solar-fairy-lights-80ft,"80ft Solar Fairy Lights, 2 Pack","<p>240 LEDs across two 80ft runs, solar charged and waterproof, with 8 modes. No plug and no batteries to replace.</p><ul><li>Two 80ft runs, 240 LEDs in total</li><li>Solar charged and waterproof - no plug, no batteries</li><li>8 lighting modes</li></ul>",,Lights & Candles,Lights & Candles,TRUE,Title,Default Title,SOLAR-FAIRY-LIGHTS-80FT,shopify,25,deny,manual,,,TRUE,TRUE,https://anirudhatalmale6-alt.github.io/halloween-store-demo/assets/products/solar-fairy-lights-80ft.jpg,1,"80ft Solar Fairy Lights, 2 Pack","80ft Solar Fairy Lights, 2 Pack | Free US Shipping Before Halloween","240 LEDs across two 80ft runs, solar charged and waterproof, with 8 modes. No plug and no batteries to replace.",active
halloween-tree-lights-black,"24in Black Halloween Tree Lights, 2 Pack","<p>A pair of bare black trees strung with orange and purple lights. Battery or USB, so they sit anywhere indoors.</p><ul><li>A pair of bare black trees strung with orange and purple</li><li>24 inches tall - sits on a console or a mantel</li><li>Battery or USB powered</li></ul>",,Lights & Candles,"Lights & Candles, unavailable-at-supplier",FALSE,Title,Default Title,HALLOWEEN-TREE-LIGHTS-BLACK,shopify,25,deny,manual,,,TRUE,TRUE,https://anirudhatalmale6-alt.github.io/halloween-store-demo/assets/products/halloween-tree-lights-black.jpg,1,"24in Black Halloween Tree Lights, 2 Pack","24in Black Halloween Tree Lights, 2 Pack | Free US Shipping Before Hal","A pair of bare black trees strung with orange and purple lights. Battery or USB, so they sit anywhere indoors.",draft
halloween-tree-lights-24led,"24in Orange & Purple LED Tree, 2 Pack","<p>24 LEDs per tree on a mantel, entryway or TV console. Warm orange with a purple wash.</p><ul><li>24 LEDs per tree, warm orange with a purple wash</li><li>24 inches tall, two to a set</li><li>USB or battery, for indoor use</li></ul>",,Lights & Candles,Lights & Candles,TRUE,Title,Default Title,HALLOWEEN-TREE-LIGHTS-24LED,shopify,25,deny,manual,,,TRUE,TRUE,https://anirudhatalmale6-alt.github.io/halloween-store-demo/assets/products/halloween-tree-lights-24led.jpg,1,"24in Orange & Purple LED Tree, 2 Pack","24in Orange & Purple LED Tree, 2 Pack | Free US Shipping Before Hallow","24 LEDs per tree on a mantel, entryway or TV console. Warm orange with a purple wash.",active
under-cabinet-rgb-bars,RGB Under-Cabinet Light Bars,"<p>Magnetic rechargeable bars that stick under a shelf and wash the whole surface in colour. Remote and touch control, dimmable.</p><ul><li>Magnetic bars that stick under a shelf and wash it in colour</li><li>Rechargeable and dimmable, with remote and touch control</li><li>Sold in packs of 4, 5 or 6</li></ul>",,Lights & Candles,Lights & Candles,TRUE,Title,Default Title,UNDER-CABINET-RGB-BARS,shopify,25,deny,manual,,,TRUE,TRUE,https://anirudhatalmale6-alt.github.io/halloween-store-demo/assets/products/under-cabinet-rgb-bars.jpg,1,RGB Under-Cabinet Light Bars,RGB Under-Cabinet Light Bars | Free US Shipping Before Halloween,"Magnetic rechargeable bars that stick under a shelf and wash the whole surface in colour. Remote and touch control, dimmable.",active
retro-pumpkin-desk-lamp,Retro Pumpkin & Bat Stained-Glass Desk Lamp,"<p>A Tiffany-style lamp with a pumpkin and bat shade. Reads as a real piece of decor rather than a decoration you put away in November.</p><ul><li>Stained-glass style shade with a pumpkin and bat pattern</li><li>Reads as a real lamp, not a decoration you box up in November</li><li>Warm vintage glow for a bedroom or living room</li></ul>",,Lights & Candles,Lights & Candles,TRUE,Title,Default Title,RETRO-PUMPKIN-DESK-LAMP,shopify,25,deny,manual,,,TRUE,TRUE,https://anirudhatalmale6-alt.github.io/halloween-store-demo/assets/products/retro-pumpkin-desk-lamp.jpg,1,Retro Pumpkin & Bat Stained-Glass Desk Lamp,Retro Pumpkin & Bat Stained-Glass Desk Lamp | Free US Shipping Before ,A Tiffany-style lamp with a pumpkin and bat shade. Reads as a real piece of decor rather than a decoration you put away in November.,active
pumpkin-night-light-mini,Mini Pumpkin Bedside Night Light,"<p>Soft silicone pumpkin with three brightness levels, rechargeable and touch controlled. Safe for a nursery.</p><ul><li>Soft silicone pumpkin - squeezable and safe for a nursery</li><li>Three brightness levels, touch controlled</li><li>Rechargeable, so it can be carried around the house</li></ul>",,Lights & Candles,"Lights & Candles, unavailable-at-supplier",FALSE,Title,Default Title,PUMPKIN-NIGHT-LIGHT-MINI,shopify,25,deny,manual,,,TRUE,TRUE,https://anirudhatalmale6-alt.github.io/halloween-store-demo/assets/products/pumpkin-night-light-mini.jpg,1,Mini Pumpkin Bedside Night Light,Mini Pumpkin Bedside Night Light | Free US Shipping Before Halloween,"Soft silicone pumpkin with three brightness levels, rechargeable and touch controlled. Safe for a nursery.",draft
ghost-campfire-nightlight,Ghost Campfire Plug-In Night Light,"<p>Two little ghosts toasting marshmallows over a flickering 3D flame. Plugs straight into the wall.</p><ul><li>Two ghosts toasting marshmallows over a 3D flickering flame</li><li>Plugs straight into the wall - no batteries</li><li>Hand-painted resin, works through Christmas too</li></ul>",,Lights & Candles,Lights & Candles,TRUE,Title,Default Title,GHOST-CAMPFIRE-NIGHTLIGHT,shopify,25,deny,manual,12.99,,TRUE,TRUE,https://anirudhatalmale6-alt.github.io/halloween-store-demo/assets/products/ghost-campfire-nightlight.jpg,1,Ghost Campfire Plug-In Night Light,Ghost Campfire Plug-In Night Light | Free US Shipping Before Halloween,Two little ghosts toasting marshmallows over a flickering 3D flame. Plugs straight into the wall.,active
hanging-ghosts-3pack,"Pre-Assembled Hanging Ghosts, 3 Pack","<p>Three full-size ghosts that come out of the box ready to hang. No assembly, no frame to build - straight onto a tree or a porch.</p><ul><li>Three full-size ghosts, pre-assembled out of the box</li><li>No frame to build - straight onto a tree or a porch</li><li>Larger than the usual pack, so they read from the street</li></ul>",,Yard & Outdoor,Yard & Outdoor,TRUE,Title,Default Title,HANGING-GHOSTS-3PACK,shopify,25,deny,manual,23.99,,TRUE,TRUE,https://anirudhatalmale6-alt.github.io/halloween-store-demo/assets/products/hanging-ghosts-3pack.jpg,1,"Pre-Assembled Hanging Ghosts, 3 Pack","Pre-Assembled Hanging Ghosts, 3 Pack | Free US Shipping Before Hallowe","Three full-size ghosts that come out of the box ready to hang. No assembly, no frame to build - straight onto a tree or a porch.",active
ghost-swing-5ft-remote,5ft Hanging Ghost Swing with Remote Lights,"<p>Five feet of ghost with built-in string lights on a remote. Big enough to read from the street, which is the whole point.</p><ul><li>Five feet of ghost - big enough to see from the road</li><li>Built-in string lights on a remote control</li><li>For a tree, porch, yard or garden</li></ul>",,Yard & Outdoor,Yard & Outdoor,TRUE,Title,Default Title,GHOST-SWING-5FT-REMOTE,shopify,25,deny,manual,35.99,,TRUE,TRUE,https://anirudhatalmale6-alt.github.io/halloween-store-demo/assets/products/ghost-swing-5ft-remote.jpg,1,5ft Hanging Ghost Swing with Remote Lights,5ft Hanging Ghost Swing with Remote Lights | Free US Shipping Before H,"Five feet of ghost with built-in string lights on a remote. Big enough to read from the street, which is the whole point.",active
spider-web-kit-lights,Spider Web Kit with 32ft String Lights,"<p>300 square feet of stretch cobweb, black creepy cloth, fake spiders and bats, plus 32ft of lights. Covers a whole porch in one go.</p><ul><li>300 square feet of stretch cobweb plus black creepy cloth</li><li>32ft of string lights, fake spiders and bats included</li><li>Covers a whole porch or doorway in one go</li></ul>",,Yard & Outdoor,"Yard & Outdoor, unavailable-at-supplier",FALSE,Title,Default Title,SPIDER-WEB-KIT-LIGHTS,shopify,25,deny,manual,,,TRUE,TRUE,https://anirudhatalmale6-alt.github.io/halloween-store-demo/assets/products/spider-web-kit-lights.jpg,1,Spider Web Kit with 32ft String Lights,Spider Web Kit with 32ft String Lights | Free US Shipping Before Hallo,"300 square feet of stretch cobweb, black creepy cloth, fake spiders and bats, plus 32ft of lights. Covers a whole porch in one go.",draft
glow-cobwebs-spiders,Glow Stretch Cobwebs with Spiders & Bats,"<p>Fluorescent webbing in white, green, orange and purple that lifts under any blacklight. Indoor or outdoor.</p><ul><li>Fluorescent webbing in white, green, orange and purple</li><li>Lifts under any blacklight</li><li>Fake spiders and bats included, indoor or outdoor</li></ul>",,Yard & Outdoor,"Yard & Outdoor, unavailable-at-supplier",FALSE,Title,Default Title,GLOW-COBWEBS-SPIDERS,shopify,25,deny,manual,,,TRUE,TRUE,https://anirudhatalmale6-alt.github.io/halloween-store-demo/assets/products/glow-cobwebs-spiders.jpg,1,Glow Stretch Cobwebs with Spiders & Bats,Glow Stretch Cobwebs with Spiders & Bats | Free US Shipping Before Hal,"Fluorescent webbing in white, green, orange and purple that lifts under any blacklight. Indoor or outdoor.",draft
cauldron-fog-potion,Glow Cauldron with Fog Diffuser & Potion Bottles,"<p>A cauldron that actually smokes. Glow-in-the-dark plastic, reusable floating bottles and a dense fog diffuser in the box.</p><ul><li>A cauldron that actually smokes, using the fog diffuser inside</li><li>Glow-in-the-dark plastic</li><li>Reusable floating potion bottles and stickers in the box</li></ul>",,Yard & Outdoor,Yard & Outdoor,TRUE,Title,Default Title,CAULDRON-FOG-POTION,shopify,25,deny,manual,,,TRUE,TRUE,https://anirudhatalmale6-alt.github.io/halloween-store-demo/assets/products/cauldron-fog-potion.jpg,1,Glow Cauldron with Fog Diffuser & Potion Bottles,Glow Cauldron with Fog Diffuser & Potion Bottles | Free US Shipping Be,"A cauldron that actually smokes. Glow-in-the-dark plastic, reusable floating bottles and a dense fog diffuser in the box.",active
tripod-cauldron-fog,Large Tripod Cauldron with Fog Maker,"<p>The big one, on a tripod, with a skeleton climbing out and a fog maker included. Built to sit on a patio or a porch step.</p><ul><li>The large one, standing on its own tripod</li><li>Fog maker included - it makes the mist itself</li><li>Built for a patio, porch step or driveway</li></ul>",,Yard & Outdoor,Yard & Outdoor,TRUE,Title,Default Title,TRIPOD-CAULDRON-FOG,shopify,25,deny,manual,31.99,,TRUE,TRUE,https://anirudhatalmale6-alt.github.io/halloween-store-demo/assets/products/tripod-cauldron-fog.jpg,1,Large Tripod Cauldron with Fog Maker,Large Tripod Cauldron with Fog Maker | Free US Shipping Before Hallowe,"The big one, on a tripod, with a skeleton climbing out and a fog maker included. Built to sit on a patio or a porch step.",active
laser-swamp-projector,Waterproof Laser Swamp Light Projector,"<p>Throws a shifting green laser field across a lawn, and turns into a swamp when it catches low fog. IP67, so it stays out in the rain.</p><ul><li>Throws a shifting green laser field right across a lawn</li><li>Turns into a swamp when it catches low-lying fog</li><li>IP67 waterproof and 360-degree adjustable, so it stays out</li></ul>",,Yard & Outdoor,Yard & Outdoor,TRUE,Title,Default Title,LASER-SWAMP-PROJECTOR,shopify,25,deny,manual,,,TRUE,TRUE,https://anirudhatalmale6-alt.github.io/halloween-store-demo/assets/products/laser-swamp-projector.jpg,1,Waterproof Laser Swamp Light Projector,Waterproof Laser Swamp Light Projector | Free US Shipping Before Hallo,"Throws a shifting green laser field across a lawn, and turns into a swamp when it catches low fog. IP67, so it stays out in the rain.",active
witch-broom-light-music,Light-Up Musical Witch Broom,"<p>Motion-activated broom that lights up and plays when someone walks past. Hangs on a door or leans in a corner.</p><ul><li>Motion activated - it lights up and plays as someone walks past</li><li>Hangs on a door or leans in a corner</li><li>Lights, music and motion in one piece</li></ul>",,Yard & Outdoor,Yard & Outdoor,TRUE,Title,Default Title,WITCH-BROOM-LIGHT-MUSIC,shopify,25,deny,manual,23.88,,TRUE,TRUE,https://anirudhatalmale6-alt.github.io/halloween-store-demo/assets/products/witch-broom-light-music.jpg,1,Light-Up Musical Witch Broom,Light-Up Musical Witch Broom | Free US Shipping Before Halloween,Motion-activated broom that lights up and plays when someone walks past. Hangs on a door or leans in a corner.,active
bat-wall-stickers-160,160-Piece 3D Bat Wall Stickers,<p>Seven sizes of removable PVC bats that peel off clean. The cheapest way to make a whole room look done.</p><ul><li>160 bats across seven sizes</li><li>Removable PVC that peels off without marking the wall</li><li>The cheapest way to make a whole room look finished</li></ul>,,Home & Decor,"Home & Decor, unavailable-at-supplier",FALSE,Title,Default Title,BAT-WALL-STICKERS-160,shopify,25,deny,manual,,,TRUE,TRUE,https://anirudhatalmale6-alt.github.io/halloween-store-demo/assets/products/bat-wall-stickers-160.jpg,1,160-Piece 3D Bat Wall Stickers,160-Piece 3D Bat Wall Stickers | Free US Shipping Before Halloween,Seven sizes of removable PVC bats that peel off clean. The cheapest way to make a whole room look done.,draft
led-bats-purple-36,36-Piece Purple LED 3D Bats,"<p>Five sizes, four shapes, lit from within in purple. Waterproof, so they work on an outside window as well as a wall.</p><ul><li>36 bats in five sizes and four shapes, lit from within</li><li>Purple LED glow</li><li>Waterproof, so they work on an outside window too</li></ul>",,Home & Decor,Home & Decor,TRUE,Title,Default Title,LED-BATS-PURPLE-36,shopify,25,deny,manual,,,TRUE,TRUE,https://anirudhatalmale6-alt.github.io/halloween-store-demo/assets/products/led-bats-purple-36.jpg,1,36-Piece Purple LED 3D Bats,36-Piece Purple LED 3D Bats | Free US Shipping Before Halloween,"Five sizes, four shapes, lit from within in purple. Waterproof, so they work on an outside window as well as a wall.",active
bat-decals-lightup,Light-Up 3D Bat Wall Decals,"<p>Bendable bat, spider and butterfly shapes that stick bubble-free and light up. Battery powered, 12 or 24 to a set.</p><ul><li>Bendable bat, spider and butterfly shapes</li><li>Stick bubble-free on walls, windows and doors</li><li>Battery powered, 12 or 24 to a set</li></ul>",,Home & Decor,Home & Decor,TRUE,Title,Default Title,BAT-DECALS-LIGHTUP,shopify,25,deny,manual,10.99,,TRUE,TRUE,https://anirudhatalmale6-alt.github.io/halloween-store-demo/assets/products/bat-decals-lightup.jpg,1,Light-Up 3D Bat Wall Decals,Light-Up 3D Bat Wall Decals | Free US Shipping Before Halloween,"Bendable bat, spider and butterfly shapes that stick bubble-free and light up. Battery powered, 12 or 24 to a set.",active
garage-door-bat-magnets,Glow Bat Garage Door Magnet Set,"<p>Magnetic bats that turn a plain garage door into the front of a haunted house, and glow once it gets dark. Peel off in seconds afterwards.</p><ul><li>Magnets, so the whole set peels off in seconds afterwards</li><li>Turns a plain garage door into the front of a haunted house</li><li>Glows once it gets dark</li></ul>",,Home & Decor,"Home & Decor, unavailable-at-supplier",FALSE,Title,Default Title,GARAGE-DOOR-BAT-MAGNETS,shopify,25,deny,manual,,,TRUE,TRUE,https://anirudhatalmale6-alt.github.io/halloween-store-demo/assets/products/garage-door-bat-magnets.jpg,1,Glow Bat Garage Door Magnet Set,Glow Bat Garage Door Magnet Set | Free US Shipping Before Halloween,"Magnetic bats that turn a plain garage door into the front of a haunted house, and glow once it gets dark. Peel off in seconds afterwards.",draft
witch-bat-magnet-set,Witch & Bat Car and Fridge Magnet Set,"<p>Witches, cats, pumpkins and bats for a car door, a fridge or a garage. Glows in the dark. Made for trunk-or-treat.</p><ul><li>Witches, cats, pumpkins and bats</li><li>For a car door, a fridge or a garage door</li><li>Glow-in-the-dark - made for trunk-or-treat</li></ul>",,Home & Decor,Home & Decor,TRUE,Title,Default Title,WITCH-BAT-MAGNET-SET,shopify,25,deny,manual,12.86,,TRUE,TRUE,https://anirudhatalmale6-alt.github.io/halloween-store-demo/assets/products/witch-bat-magnet-set.jpg,1,Witch & Bat Car and Fridge Magnet Set,Witch & Bat Car and Fridge Magnet Set | Free US Shipping Before Hallow,"Witches, cats, pumpkins and bats for a car door, a fridge or a garage. Glows in the dark. Made for trunk-or-treat.",active
advent-calendar-31-nights,31 Nights of Fright Advent Calendar,"<p>A blind bag for every night of October - collectible mini figures, hanging charms and small decorations. Sells itself to anyone with kids.</p><ul><li>A blind bag for every night of October, 31 in total</li><li>Collectible mini figures, hanging charms and small decorations</li><li>Sells itself to anyone with children</li></ul>",,Home & Decor,Home & Decor,TRUE,Title,Default Title,ADVENT-CALENDAR-31-NIGHTS,shopify,25,deny,manual,19.49,,TRUE,TRUE,https://anirudhatalmale6-alt.github.io/halloween-store-demo/assets/products/advent-calendar-31-nights.jpg,1,31 Nights of Fright Advent Calendar,31 Nights of Fright Advent Calendar | Free US Shipping Before Hallowee,"A blind bag for every night of October - collectible mini figures, hanging charms and small decorations. Sells itself to anyone with kids.",active
bathroom-set-vintage,Vintage Halloween Bathroom Set,"<p>Shower curtain with hooks, non-slip rugs and a toilet lid cover in one set. Turns the room people always end up in anyway.</p><ul><li>Shower curtain with hooks, non-slip rugs and a lid cover</li><li>One set does the whole room</li><li>Vintage skeleton, pumpkin, witch and ghost print</li></ul>",,Home & Decor,Home & Decor,TRUE,Title,Default Title,BATHROOM-SET-VINTAGE,shopify,25,deny,manual,,,TRUE,TRUE,https://anirudhatalmale6-alt.github.io/halloween-store-demo/assets/products/bathroom-set-vintage.jpg,1,Vintage Halloween Bathroom Set,Vintage Halloween Bathroom Set | Free US Shipping Before Halloween,"Shower curtain with hooks, non-slip rugs and a toilet lid cover in one set. Turns the room people always end up in anyway.",active
skeleton-vortex-rug,Skeleton Vortex Illusion Round Rug,"<p>A flat rug that reads as a hole in the floor. Soft polyester with a non-slip back, 16 inches.</p><ul><li>A flat rug that reads as a hole in the floor</li><li>16 inches across, soft polyester</li><li>Non-slip backing, for indoor use</li></ul>",,Home & Decor,Home & Decor,TRUE,Title,Default Title,SKELETON-VORTEX-RUG,shopify,25,deny,manual,,,TRUE,TRUE,https://anirudhatalmale6-alt.github.io/halloween-store-demo/assets/products/skeleton-vortex-rug.jpg,1,Skeleton Vortex Illusion Round Rug,Skeleton Vortex Illusion Round Rug | Free US Shipping Before Halloween,"A flat rug that reads as a hole in the floor. Soft polyester with a non-slip back, 16 inches.",active
boo-kitchen-rug-set,"BOO! Kitchen Runner Rug Set, 2 Piece","<p>Two non-slip runners for a kitchen, hallway or laundry. Washable, and they sit flat rather than curling at the corners.</p><ul><li>Two non-slip runners - kitchen, hallway or laundry</li><li>Machine washable</li><li>They lie flat rather than curling at the corners</li></ul>",,Home & Decor,Home & Decor,TRUE,Title,Default Title,BOO-KITCHEN-RUG-SET,shopify,25,deny,manual,16.84,,TRUE,TRUE,https://anirudhatalmale6-alt.github.io/halloween-store-demo/assets/products/boo-kitchen-rug-set.jpg,1,"BOO! Kitchen Runner Rug Set, 2 Piece","BOO! Kitchen Runner Rug Set, 2 Piece | Free US Shipping Before Hallowe","Two non-slip runners for a kitchen, hallway or laundry. Washable, and they sit flat rather than curling at the corners.",active
ghost-candy-bowl-glow,Glow Ghost Candy Bowl with Lights,"<p>A draped ghost with a bowl in its middle and a lit interior on a timer and remote. Works on a porch step for trick-or-treaters.</p><ul><li>A draped ghost with the candy bowl in its middle</li><li>Lights inside, on a timer and a remote</li><li>Sits on a porch step for trick-or-treaters</li></ul>",,Home & Decor,Home & Decor,TRUE,Title,Default Title,GHOST-CANDY-BOWL-GLOW,shopify,25,deny,manual,19.99,,TRUE,TRUE,https://anirudhatalmale6-alt.github.io/halloween-store-demo/assets/products/ghost-candy-bowl-glow.jpg,1,Glow Ghost Candy Bowl with Lights,Glow Ghost Candy Bowl with Lights | Free US Shipping Before Halloween,A draped ghost with a bowl in its middle and a lit interior on a timer and remote. Works on a porch step for trick-or-treaters.,active
led-candy-totes,LED Trick-or-Treat Candy Totes,"<p>Reusable light-up buckets in pumpkin, ghost and skull faces. They glow, so a child stays visible after dark.</p><ul><li>Reusable light-up totes - pumpkin, ghost and skull faces</li><li>They glow, so a child stays visible after dark</li><li>Non-woven and washable, 3 or 4 to a pack</li></ul>",,Home & Decor,Home & Decor,TRUE,Title,Default Title,LED-CANDY-TOTES,shopify,25,deny,manual,28.04,,TRUE,TRUE,https://anirudhatalmale6-alt.github.io/halloween-store-demo/assets/products/led-candy-totes.jpg,1,LED Trick-or-Treat Candy Totes,LED Trick-or-Treat Candy Totes | Free US Shipping Before Halloween,"Reusable light-up buckets in pumpkin, ghost and skull faces. They glow, so a child stays visible after dark.",active
skeleton-pumpkin-figures-3,"Skeleton Pumpkin Table Figures, Set of 3","<p>Three 5.75in skeletons with pumpkin heads. Small enough for a shelf, detailed enough to be worth looking at.</p><ul><li>Three figures, 5.75 inches tall</li><li>Skeleton bodies with pumpkin heads</li><li>Small enough for a shelf, detailed enough to look at</li></ul>",,Home & Decor,"Home & Decor, unavailable-at-supplier",FALSE,Title,Default Title,SKELETON-PUMPKIN-FIGURES-3,shopify,25,deny,manual,,,TRUE,TRUE,https://anirudhatalmale6-alt.github.io/halloween-store-demo/assets/products/skeleton-pumpkin-figures-3.jpg,1,"Skeleton Pumpkin Table Figures, Set of 3","Skeleton Pumpkin Table Figures, Set of 3 | Free US Shipping Before Hal","Three 5.75in skeletons with pumpkin heads. Small enough for a shelf, detailed enough to be worth looking at.",draft
resin-skeleton-ornament,Sitting Skeleton Resin Ornament,"<p>A resin skeleton that sits on a shelf edge with its legs hanging. Sold singly or as a set of three.</p><ul><li>Sits on a shelf edge with its legs hanging over</li><li>Cast resin, hand finished</li><li>Sold singly or as a set of three</li></ul>",,Home & Decor,Home & Decor,TRUE,Title,Default Title,RESIN-SKELETON-ORNAMENT,shopify,25,deny,manual,19.09,,TRUE,TRUE,https://anirudhatalmale6-alt.github.io/halloween-store-demo/assets/products/resin-skeleton-ornament.jpg,1,Sitting Skeleton Resin Ornament,Sitting Skeleton Resin Ornament | Free US Shipping Before Halloween,A resin skeleton that sits on a shelf edge with its legs hanging. Sold singly or as a set of three.,active
dragon-book-corner-light,3D Dragon Book Corner Light,"<p>A fire-breathing dragon that clamps to a bookshelf, with a glowing simulated flame. Gothic rather than seasonal, so it stays up all year.</p><ul><li>Clamps onto the corner of a bookshelf</li><li>Glowing simulated flame from the dragon's mouth</li><li>Gothic rather than seasonal - it stays up all year</li></ul>",,Home & Decor,Home & Decor,TRUE,Title,Default Title,DRAGON-BOOK-CORNER-LIGHT,shopify,25,deny,manual,,,TRUE,TRUE,https://anirudhatalmale6-alt.github.io/halloween-store-demo/assets/products/dragon-book-corner-light.jpg,1,3D Dragon Book Corner Light,3D Dragon Book Corner Light | Free US Shipping Before Halloween,"A fire-breathing dragon that clamps to a bookshelf, with a glowing simulated flame. Gothic rather than seasonal, so it stays up all year.",active
splatmat-bloody-bath-mat,SplatMat - Colour-Changing Bloody Bath Mat,"<p>A plain white mat until it gets wet, then deep red splatters bloom across it and fade again as it dries. Reusable, every single time.</p><ul><li>Plain white when dry, blood-spattered the moment it gets wet</li><li>The effect comes back every single time it dries out</li><li>Non-slip backing and machine washable</li></ul>",,Home & Decor,Home & Decor,TRUE,Title,Default Title,SPLATMAT-BLOODY-BATH-MAT,shopify,25,deny,manual,21.99,34.99,TRUE,TRUE,https://anirudhatalmale6-alt.github.io/halloween-store-demo/assets/products/splatmat-bloody-bath-mat.jpg,1,SplatMat - Colour-Changing Bloody Bath Mat,SplatMat - Colour-Changing Bloody Bath Mat | Free US Shipping Before H,"A plain white mat until it gets wet, then deep red splatters bloom across it and fade again as it dries. Reusable, every single time.",active
splatmat-bloody-bath-mat,,,,,,,,,,,,,,,,,,https://anirudhatalmale6-alt.github.io/halloween-store-demo/assets/products/splatmat-bloody-bath-mat-2.jpg,2,SplatMat - Colour-Changing Bloody Bath Mat,,,
splatmat-bloody-bath-mat,,,,,,,,,,,,,,,,,,https://anirudhatalmale6-alt.github.io/halloween-store-demo/assets/products/splatmat-bloody-bath-mat-3.jpg,3,SplatMat - Colour-Changing Bloody Bath Mat,,,
splatmat-bloody-bath-mat,,,,,,,,,,,,,,,,,,https://anirudhatalmale6-alt.github.io/halloween-store-demo/assets/products/splatmat-bloody-bath-mat-4.jpg,4,SplatMat - Colour-Changing Bloody Bath Mat,,,
skeleton-cardigan-black,Black Skeleton Print Cardigan,"<p>Button-front V-neck knit with a ribcage down the front and bones along the sleeves. Loose drop-shoulder fit.</p><ul><li>Ribcage down the front, bones along both sleeves</li><li>Button-front V-neck in a loose drop-shoulder fit</li><li>Soft knit, multiple sizes</li></ul>",,Apparel,Apparel,TRUE,Title,Default Title,SKELETON-CARDIGAN-BLACK,shopify,25,deny,manual,,,TRUE,TRUE,https://anirudhatalmale6-alt.github.io/halloween-store-demo/assets/products/skeleton-cardigan-black.jpg,1,Black Skeleton Print Cardigan,Black Skeleton Print Cardigan | Free US Shipping Before Halloween,Button-front V-neck knit with a ribcage down the front and bones along the sleeves. Loose drop-shoulder fit.,active
skeleton-cardigan-colours,Skeleton Print Knit Cardigan,"<p>The same ribcage knit in green, pink, cream and black. Long line, drop shoulder, worn open.</p><ul><li>The same ribcage knit in green, pink, cream and black</li><li>Long line, drop shoulder, made to be worn open</li><li>Unisex sizing</li></ul>",,Apparel,Apparel,TRUE,Title,Default Title,SKELETON-CARDIGAN-COLOURS,shopify,25,deny,manual,25.99,,TRUE,TRUE,https://anirudhatalmale6-alt.github.io/halloween-store-demo/assets/products/skeleton-cardigan-colours.jpg,1,Skeleton Print Knit Cardigan,Skeleton Print Knit Cardigan | Free US Shipping Before Halloween,"The same ribcage knit in green, pink, cream and black. Long line, drop shoulder, worn open.",active
skull-drop-shoulder-sweater,Distressed Skull Drop-Shoulder Sweater,"<p>Heavy black knit with a worn skull graphic and deliberate distressing. Streetwear first, Halloween second, so it sells past October.</p><ul><li>Heavy black knit with a worn skull graphic</li><li>Deliberate distressing and a drop-shoulder cut</li><li>Streetwear first - it sells well past October</li></ul>",,Apparel,Apparel,TRUE,Title,Default Title,SKULL-DROP-SHOULDER-SWEATER,shopify,25,deny,manual,24.27,,TRUE,TRUE,https://anirudhatalmale6-alt.github.io/halloween-store-demo/assets/products/skull-drop-shoulder-sweater.jpg,1,Distressed Skull Drop-Shoulder Sweater,Distressed Skull Drop-Shoulder Sweater | Free US Shipping Before Hallo,"Heavy black knit with a worn skull graphic and deliberate distressing. Streetwear first, Halloween second, so it sells past October.",active
toddler-ghost-overalls,Toddler Ghost & Pumpkin Corduroy Overalls,"<p>Thick-wale corduroy dungarees with a ghost or a pumpkin on the bib, adjustable straps and real pockets. A costume they can actually wear.</p><ul><li>Thick-wale corduroy with a ghost or a pumpkin on the bib</li><li>Adjustable straps and real pockets</li><li>A costume they can wear all autumn, not just once</li></ul>",,Apparel,Apparel,TRUE,Title,Default Title,TODDLER-GHOST-OVERALLS,shopify,25,deny,manual,17.03,,TRUE,TRUE,https://anirudhatalmale6-alt.github.io/halloween-store-demo/assets/products/toddler-ghost-overalls.jpg,1,Toddler Ghost & Pumpkin Corduroy Overalls,Toddler Ghost & Pumpkin Corduroy Overalls | Free US Shipping Before Ha,"Thick-wale corduroy dungarees with a ghost or a pumpkin on the bib, adjustable straps and real pockets. A costume they can actually wear.",active
toddler-spooky-goose-sweater,Toddler 'Spooky Goose' Knit Sweater,"<p>Embroidered witch, pumpkin and ghost on a soft cream knit, 0-7 years. The kind of thing parents photograph.</p><ul><li>Embroidered witch, pumpkin and ghost, not a printed transfer</li><li>Soft cream knit, sizes 0 to 7 years</li><li>The kind of thing parents photograph</li></ul>",,Apparel,"Apparel, unavailable-at-supplier",FALSE,Title,Default Title,TODDLER-SPOOKY-GOOSE-SWEATER,shopify,25,deny,manual,,,TRUE,TRUE,https://anirudhatalmale6-alt.github.io/halloween-store-demo/assets/products/toddler-spooky-goose-sweater.jpg,1,Toddler 'Spooky Goose' Knit Sweater,Toddler 'Spooky Goose' Knit Sweater | Free US Shipping Before Hallowee,"Embroidered witch, pumpkin and ghost on a soft cream knit, 0-7 years. The kind of thing parents photograph.",draft
pumpkin-blanket-hoodie,Oversized Pumpkin Blanket Hoodie,"<p>Wearable fleece blanket covered in pumpkins and ghosts, one size over everything. The comfort buy of the season.</p><ul><li>A wearable fleece blanket covered in pumpkins and ghosts</li><li>One size, goes on over everything</li><li>Plus size friendly - the comfort buy of the season</li></ul>",,Apparel,Apparel,TRUE,Title,Default Title,PUMPKIN-BLANKET-HOODIE,shopify,25,deny,manual,30.99,,TRUE,TRUE,https://anirudhatalmale6-alt.github.io/halloween-store-demo/assets/products/pumpkin-blanket-hoodie.jpg,1,Oversized Pumpkin Blanket Hoodie,Oversized Pumpkin Blanket Hoodie | Free US Shipping Before Halloween,"Wearable fleece blanket covered in pumpkins and ghosts, one size over everything. The comfort buy of the season.",active
pumpkin-skull-slippers,Pumpkin & Skull Plush Slippers,"<p>Faux fur slides with an embroidered pumpkin on the toe and a proper anti-slip rubber sole. Unisex.</p><ul><li>Faux fur slides with an embroidered pumpkin on the toe</li><li>Proper anti-slip rubber sole, not fabric</li><li>Unisex, for indoors or a quick trip outside</li></ul>",,Apparel,"Apparel, unavailable-at-supplier",FALSE,Title,Default Title,PUMPKIN-SKULL-SLIPPERS,shopify,25,deny,manual,,,TRUE,TRUE,https://anirudhatalmale6-alt.github.io/halloween-store-demo/assets/products/pumpkin-skull-slippers.jpg,1,Pumpkin & Skull Plush Slippers,Pumpkin & Skull Plush Slippers | Free US Shipping Before Halloween,Faux fur slides with an embroidered pumpkin on the toe and a proper anti-slip rubber sole. Unisex.,draft
ghostface-phone-case,Dripping Ghostface Phone Case,"<p>Horror-film artwork on shockproof silicone with raised corners. Fits the iPhone 11 through 17 range.</p><ul><li>Horror-film dripping artwork on shockproof silicone</li><li>Raised corners and a raised camera lip</li><li>Fits the iPhone 11 through 17 range, Pro and Pro Max</li></ul>",,Accessories,"Accessories, unavailable-at-supplier",FALSE,Title,Default Title,GHOSTFACE-PHONE-CASE,shopify,25,deny,manual,,,TRUE,TRUE,https://anirudhatalmale6-alt.github.io/halloween-store-demo/assets/products/ghostface-phone-case.jpg,1,Dripping Ghostface Phone Case,Dripping Ghostface Phone Case | Free US Shipping Before Halloween,Horror-film artwork on shockproof silicone with raised corners. Fits the iPhone 11 through 17 range.,draft
trick-or-treat-phone-case,Trick-or-Treat Glitter Phone Case with Strap,"<p>Clear glitter case with pumpkins, ghosts and cats behind the shine, plus a wrist strap. Four-corner drop protection, iPhone and Galaxy.</p><ul><li>Clear glitter case with pumpkins, ghosts and cats behind it</li><li>Four-corner drop protection and a non-yellowing shell</li><li>iPhone and Samsung Galaxy, plus a wrist strap</li></ul>",,Accessories,Accessories,TRUE,Title,Default Title,TRICK-OR-TREAT-PHONE-CASE,shopify,25,deny,manual,16.87,,TRUE,TRUE,https://anirudhatalmale6-alt.github.io/halloween-store-demo/assets/products/trick-or-treat-phone-case.jpg,1,Trick-or-Treat Glitter Phone Case with Strap,Trick-or-Treat Glitter Phone Case with Strap | Free US Shipping Before,"Clear glitter case with pumpkins, ghosts and cats behind the shine, plus a wrist strap. Four-corner drop protection, iPhone and Galaxy.",active
pumpkin-dog-collar,Pumpkin & Sunflower Dog Collar,"<p>Adjustable autumn collar with a little pumpkin charm, in sizes for small through large dogs. The seasonal buy people make for the photo.</p><ul><li>Adjustable autumn print with a small pumpkin charm</li><li>Sizes for small, medium and large dogs</li><li>The seasonal buy people make just for the photo</li></ul>",,Accessories,"Accessories, unavailable-at-supplier",FALSE,Title,Default Title,PUMPKIN-DOG-COLLAR,shopify,25,deny,manual,,,TRUE,TRUE,https://anirudhatalmale6-alt.github.io/halloween-store-demo/assets/products/pumpkin-dog-collar.jpg,1,Pumpkin & Sunflower Dog Collar,Pumpkin & Sunflower Dog Collar | Free US Shipping Before Halloween,"Adjustable autumn collar with a little pumpkin charm, in sizes for small through large dogs. The seasonal buy people make for the photo.",draft
scary-face-headrest-covers,"Scary Face Car Headrest Covers, 2 Pack","<p>Slip-on headrest covers with a printed scary face, sold as a pair. The face is 25cm / 9.84 inches, and the elastic hem stretches over the headrests in most cars, trucks and SUVs.</p><ul><li>Sold as a pair - both front headrests</li><li>Roughly 9.84 inches, fits most cars, trucks and SUVs</li><li>Slips straight on, no tools</li></ul>",,Accessories,Accessories,TRUE,Title,Default Title,SCARY-FACE-HEADREST-COVERS,shopify,25,deny,manual,1.99,,TRUE,TRUE,https://anirudhatalmale6-alt.github.io/halloween-store-demo/assets/products/scary-face-headrest-covers.jpg,1,"Scary Face Car Headrest Covers, 2 Pack","Scary Face Car Headrest Covers, 2 Pack | Free US Shipping Before Hallo","Slip-on headrest covers with a printed scary face, sold as a pair. The face is 25cm / 9.84 inches, and the elastic hem stretches over the headrests in most cars, trucks and SUVs.",active
scary-face-headrest-covers,,,,,,,,,,,,,,,,,,https://anirudhatalmale6-alt.github.io/halloween-store-demo/assets/products/scary-face-headrest-covers-2.jpg,2,"Scary Face Car Headrest Covers, 2 Pack",,,
scary-face-headrest-covers,,,,,,,,,,,,,,,,,,https://anirudhatalmale6-alt.github.io/halloween-store-demo/assets/products/scary-face-headrest-covers-3.jpg,3,"Scary Face Car Headrest Covers, 2 Pack",,,
scary-face-headrest-covers,,,,,,,,,,,,,,,,,,https://anirudhatalmale6-alt.github.io/halloween-store-demo/assets/products/scary-face-headrest-covers-4.jpg,4,"Scary Face Car Headrest Covers, 2 Pack",,,
